{"cameraMode":{"drawMode":0,"name":"Shaded","section":"Shading Mode"},"sceneLighting":true,"audioPlay":false,"sceneViewState":{"showFog":true,"showMaterialUpdate":true,"showSkybox":true,"showFlares":true,"showImageEffects":true,"showParticleSystems":true},"in2DMode":false,"pivot":{"x":19.69263458251953,"y":2.22208833694458,"z":-13.00355339050293},"rotation":{"x":0.15658864378929139,"y":0.535907506942749,"z":-0.10205388069152832,"w":0.8234337568283081},"size":3.054842948913574,"orthographic":false}