{"cameraMode":{"drawMode":0,"name":"Shaded","section":"Shading Mode"},"sceneLighting":false,"audioPlay":false,"sceneViewState":{"showFog":true,"showMaterialUpdate":true,"showSkybox":false,"showFlares":true,"showImageEffects":true,"showParticleSystems":true},"in2DMode":false,"pivot":{"x":0.02681111916899681,"y":0.1818237602710724,"z":-0.0010645687580108643},"rotation":{"x":-0.2985650300979614,"y":-0.33912137150764468,"z":0.1145828515291214,"w":-0.8847759366035461},"size":0.2792750597000122,"orthographic":false}