{"cameraMode":{"drawMode":0,"name":"Shaded","section":"Shading Mode"},"sceneLighting":true,"audioPlay":false,"sceneViewState":{"showFog":true,"showMaterialUpdate":true,"showSkybox":true,"showFlares":true,"showImageEffects":true,"showParticleSystems":true},"in2DMode":false,"pivot":{"x":36.28083419799805,"y":0.9674785137176514,"z":7.318039894104004},"rotation":{"x":-0.011475573293864727,"y":-0.5269155502319336,"z":0.007110229227691889,"w":-0.8498204350471497},"size":10.522396087646485,"orthographic":false}