{"cameraMode":{"drawMode":0,"name":"Shaded","section":"Shading Mode"},"sceneLighting":true,"audioPlay":false,"sceneViewState":{"showFog":true,"showMaterialUpdate":true,"showSkybox":true,"showFlares":true,"showImageEffects":true,"showParticleSystems":true},"in2DMode":false,"pivot":{"x":-1.2126070261001588,"y":-1.0137097835540772,"z":4.423503398895264},"rotation":{"x":-0.09252459555864334,"y":0.08532124757766724,"z":-0.007957513444125653,"w":-0.9920192360877991},"size":3.9576003551483156,"orthographic":false}