{"cameraMode":{"drawMode":0,"name":"Shaded","section":"Shading Mode"},"sceneLighting":true,"audioPlay":false,"sceneViewState":{"showFog":true,"showMaterialUpdate":true,"showSkybox":true,"showFlares":true,"showImageEffects":true,"showParticleSystems":true},"in2DMode":false,"pivot":{"x":-30.40704345703125,"y":-8.335062026977539,"z":11.40869426727295},"rotation":{"x":0.20203906297683717,"y":-0.07393214851617813,"z":0.01510737743228674,"w":0.9765502214431763},"size":12.919663429260254,"orthographic":false}