{"cameraMode":{"drawMode":0,"name":"Shaded","section":"Shading Mode"},"sceneLighting":false,"audioPlay":false,"sceneViewState":{"showFog":true,"showMaterialUpdate":true,"showSkybox":false,"showFlares":true,"showImageEffects":true,"showParticleSystems":true},"in2DMode":false,"pivot":{"x":2.1103718280792238,"y":0.34831753373146059,"z":-1.0540807247161866},"rotation":{"x":0.06615683436393738,"y":0.6121110916137695,"z":0.05161084607243538,"w":-0.7863634824752808},"size":0.4968932569026947,"orthographic":false}