{"cameraMode":{"drawMode":0,"name":"Shaded","section":"Shading Mode"},"sceneLighting":true,"audioPlay":false,"sceneViewState":{"showFog":true,"showMaterialUpdate":true,"showSkybox":true,"showFlares":true,"showImageEffects":true,"showParticleSystems":true},"in2DMode":false,"pivot":{"x":-0.238788902759552,"y":-26.44652557373047,"z":43.95744323730469},"rotation":{"x":-0.22295400500297547,"y":-0.03656821697950363,"z":0.008544046431779862,"w":-0.9741659760475159},"size":39.6224365234375,"orthographic":false}